<?xml version="1.0" encoding="UTF-8"?>
<project-private xmlns="http://www.netbeans.org/ns/project-private/1">
    <editor-bookmarks xmlns="http://www.netbeans.org/ns/editor-bookmarks/2" lastBookmarkId="1">
        <file>
            <url>src/childcasemanagementsystem/ChildCaseManagementSystem.java</url>
            <bookmark id="1">
                <name/>
                <line>18</line>
                <key/>
            </bookmark>
        </file>
    </editor-bookmarks>
    <open-files xmlns="http://www.netbeans.org/ns/projectui-open-files/2">
        <group>
            <file>file:/C:/Users/Admin/Documents/NetBeansProjects/ChildCaseManagementSystem/src/childcasemanagementsystem/CaseTableDesign.java</file>
            <file>file:/C:/Users/Admin/Documents/NetBeansProjects/ChildCaseManagementSystem/src/childcasemanagementsystem/Login.java</file>
            <file>file:/C:/Users/Admin/Documents/NetBeansProjects/ChildCaseManagementSystem/src/childcasemanagementsystem/Archive.java</file>
            <file>file:/C:/Users/Admin/Documents/NetBeansProjects/ChildCaseManagementSystem/src/childcasemanagementsystem/TableDesign.java</file>
            <file>file:/C:/Users/Admin/Documents/NetBeansProjects/ChildCaseManagementSystem/src/childcasemanagementsystem/CaseTableLoader.java</file>
            <file>file:/C:/Users/Admin/Documents/NetBeansProjects/ChildCaseManagementSystem/src/childcasemanagementsystem/CaseLoader.java</file>
            <file>file:/C:/Users/Admin/Documents/NetBeansProjects/ChildCaseManagementSystem/src/childcasemanagementsystem/DBConnection.java</file>
            <file>file:/C:/Users/Admin/Documents/NetBeansProjects/ChildCaseManagementSystem/src/childcasemanagementsystem/UserDAO.java</file>
            <file>file:/C:/Users/Admin/Documents/NetBeansProjects/ChildCaseManagementSystem/src/childcasemanagementsystem/ChildDAO.java</file>
            <file>file:/C:/Users/Admin/Documents/NetBeansProjects/ChildCaseManagementSystem/src/childcasemanagementsystem/CaseDAO.java</file>
            <file>file:/C:/Users/Admin/Documents/NetBeansProjects/ChildCaseManagementSystem/src/childcasemanagementsystem/ChildInfoLoader.java</file>
            <file>file:/C:/Users/Admin/Documents/NetBeansProjects/ChildCaseManagementSystem/src/childcasemanagementsystem/Case.java</file>
            <file>file:/C:/Users/Admin/Documents/NetBeansProjects/ChildCaseManagementSystem/src/childcasemanagementsystem/ChildRecordsLoader.java</file>
            <file>file:/C:/Users/Admin/Documents/NetBeansProjects/ChildCaseManagementSystem/src/childcasemanagementsystem/child.java</file>
            <file>file:/C:/Users/Admin/Documents/NetBeansProjects/ChildCaseManagementSystem/src/childcasemanagementsystem/CNSP.java</file>
            <file>file:/C:/Users/Admin/Documents/NetBeansProjects/ChildCaseManagementSystem/src/childcasemanagementsystem/DashBoard.java</file>
        </group>
    </open-files>
</project-private>
